<?xml version="1.0" encoding="UTF-8" standalone="no"?>
<configuration version="1.0.6.12">
  <General>
    <HarmonyPath path="../.."/>
    <ForceOptimization flag="true"/>
  </General>
  <Manifest>
    <Files>
      <File>
        <Name>drv_tmr.h</Name>
        <Path>Header Files/framework/driver/tmr</Path>
      </File>
      <File>
        <Name>sys_devcon.c</Name>
        <Path>Source Files/framework/system/devcon/src</Path>
      </File>
      <File>
        <Name>sys_tmr.h</Name>
        <Path>Header Files/framework/system/tmr</Path>
      </File>
      <File>
        <Name>sys_tmr.c</Name>
        <Path>Source Files/framework/system/tmr/src</Path>
      </File>
      <File>
        <Name>usb_device_cdc.h</Name>
        <Path>Header Files/framework/usb</Path>
      </File>
      <File>
        <Name>drv_usbhs.c</Name>
        <Path>Source Files/framework/driver/usb/usbhs/src/dynamic</Path>
      </File>
      <File>
        <Name>drv_i2c.c</Name>
        <Path>Source Files/framework/driver/i2c/src/dynamic</Path>
      </File>
      <File>
        <Name>sys_ports.h</Name>
        <Path>Header Files/framework/system/ports</Path>
      </File>
      <File>
        <Name>drv_spi_internal.h</Name>
        <Path>Header Files/framework/driver/spi/private/dynamic</Path>
      </File>
      <File>
        <Name>drv_usart_read_write.c</Name>
        <Path>Source Files/framework/driver/usart/src/dynamic</Path>
      </File>
      <File>
        <Name>drv_spi_sys_queue.h</Name>
        <Path>Header Files/framework/driver/spi/private</Path>
      </File>
      <File>
        <Name>drv_usart.c</Name>
        <Path>Source Files/framework/driver/usart/src/dynamic</Path>
      </File>
      <File>
        <Name>drv_spi.h</Name>
        <Path>Header Files/framework/driver/spi</Path>
      </File>
      <File>
        <Name>drv_usart_buffer_queue.c</Name>
        <Path>Source Files/framework/driver/usart/src/dynamic</Path>
      </File>
      <File>
        <Name>driver.h</Name>
        <Path>Header Files/framework/driver</Path>
      </File>
      <File>
        <Name>sys_common.h</Name>
        <Path>Header Files/framework/system/common</Path>
      </File>
      <File>
        <Name>sys_int_pic32.c</Name>
        <Path>Source Files/framework/system/int/src</Path>
      </File>
      <File>
        <Name>usb_device.c</Name>
        <Path>Source Files/framework/usb/src/dynamic</Path>
      </File>
      <File>
        <Name>drv_spi_sys_queue_fifo.c</Name>
        <Path>Source Files/framework/driver/spi</Path>
      </File>
      <File>
        <Name>sys_devcon_cache_pic32mz.S</Name>
        <Path>Source Files/framework/system/devcon/src</Path>
      </File>
      <File>
        <Name>drv_tmr.c</Name>
        <Path>Source Files/framework/driver/tmr/src/dynamic</Path>
      </File>
      <File>
        <Name>usb_device.h</Name>
        <Path>Header Files/framework/usb</Path>
      </File>
      <File>
        <Name>drv_usbhs_device.c</Name>
        <Path>Source Files/framework/driver/usb/usbhs/src/dynamic</Path>
      </File>
      <File>
        <Name>drv_spi.c</Name>
        <Path>Source Files/framework/driver/spi/dynamic</Path>
      </File>
      <File>
        <Name>drv_spi_sys_queue_local_fifo.h</Name>
        <Path>Header Files/framework/driver/spi/private</Path>
      </File>
      <File>
        <Name>sys_devcon_cache.h</Name>
        <Path>Header Files/framework/system/devcon</Path>
      </File>
      <File>
        <Name>sys_ports.c</Name>
        <Path>Source Files/framework/system/ports/src</Path>
      </File>
      <File>
        <Name>sys_devcon.h</Name>
        <Path>Header Files/framework/system/devcon</Path>
      </File>
      <File>
        <Name>system.h</Name>
        <Path>Header Files/framework/system</Path>
      </File>
      <File>
        <Name>drv_usart.h</Name>
        <Path>Header Files/framework/driver/usart</Path>
      </File>
      <File>
        <Name>usb_device_cdc_acm.c</Name>
        <Path>Source Files/framework/usb/src/dynamic</Path>
      </File>
      <File>
        <Name>drv_i2c.h</Name>
        <Path>Header Files/framework/driver/i2c</Path>
      </File>
      <File>
        <Name>drv_spi_api.c</Name>
        <Path>Source Files/framework/driver/spi/dynamic</Path>
      </File>
      <File>
        <Name>sys_module.h</Name>
        <Path>Header Files/framework/system/common</Path>
      </File>
      <File>
        <Name>usb_cdc.h</Name>
        <Path>Header Files/framework/usb</Path>
      </File>
      <File>
        <Name>sys_devcon_pic32mz.c</Name>
        <Path>Source Files/framework/system/devcon/src</Path>
      </File>
      <File>
        <Name>usb_device_cdc.c</Name>
        <Path>Source Files/framework/usb/src/dynamic</Path>
      </File>
      <File>
        <Name>sys_int.h</Name>
        <Path>Header Files/framework/system/int</Path>
      </File>
      <File>
        <Name>drv_usb.h</Name>
        <Path>Header Files/framework/driver/usb</Path>
      </File>
    </Files>
    <Templates>
      <Template>
        <Name>main.c</Name>
        <Path>Source Files/app</Path>
      </Template>
      <Template>
        <Name>sys_ports_static.c</Name>
        <Path>Source Files/app/system_config/PingPong_ECM144/framework/system/ports/src</Path>
        <Checksum>8A9A23A4788AC7C8ECFB7438D5800844</Checksum>
      </Template>
      <Template>
        <Name>system_interrupt.c</Name>
        <Path>Source Files/app/system_config/PingPong_ECM144</Path>
        <Checksum>BFFA62DE3305A20008E6A0D6A4289688</Checksum>
      </Template>
      <Template>
        <Name>app.c</Name>
        <Path>Source Files/app</Path>
      </Template>
      <Template>
        <Name>drv_spi_master_rm_tasks.c</Name>
        <Path>Source Files/app/system_config/PingPong_ECM144/framework/driver/spi/dynamic</Path>
        <Checksum>B1D418CCAD5461556F1B671D88C9399F</Checksum>
      </Template>
      <Template>
        <Name>system_definitions.h</Name>
        <Path>Header Files/app/system_config/PingPong_ECM144</Path>
        <Checksum>26473049275C412EE69383778BCB7603</Checksum>
      </Template>
      <Template>
        <Name>system_config.h</Name>
        <Path>Header Files/app/system_config/PingPong_ECM144</Path>
        <Checksum>2628D1C57EB487C87FE3EB900EBE7A40</Checksum>
      </Template>
      <Template>
        <Name>drv_rtcc_static.c</Name>
        <Path>Source Files/app/system_config/PingPong_ECM144/framework/driver/rtcc/src</Path>
        <Checksum>71A644B8374D35FE4C824E1C1C21771C</Checksum>
      </Template>
      <Template>
        <Name>drv_spi_tasks.c</Name>
        <Path>Source Files/app/system_config/PingPong_ECM144/framework/driver/spi/dynamic</Path>
        <Checksum>E217AC8CDBD21B33CEB9DAEB04112D14</Checksum>
      </Template>
      <Template>
        <Name>drv_rtcc_static.h</Name>
        <Path>Header Files/app/system_config/PingPong_ECM144/framework/driver/rtcc</Path>
        <Checksum>FED59BF02817E49C245011170B963EE2</Checksum>
      </Template>
      <Template>
        <Name>system_init.c</Name>
        <Path>Source Files/app/system_config/PingPong_ECM144</Path>
        <Checksum>075B3FD1B7291EC1EBC1AEB67780BD3B</Checksum>
      </Template>
      <Template>
        <Name>system_exceptions.c</Name>
        <Path>Source Files/app/system_config/PingPong_ECM144</Path>
        <Checksum>C111969CA43D6CEA1E9E33A6164E7AE0</Checksum>
      </Template>
      <Template>
        <Name>app.h</Name>
        <Path>Header Files/app</Path>
      </Template>
      <Template>
        <Name>sys_clk_static.h</Name>
        <Path>Header Files/app/system_config/PingPong_ECM144/framework/system/clk</Path>
        <Checksum>999179DADE9ECD59953526F5E9F83ACC</Checksum>
      </Template>
      <Template>
        <Name>sys_clk_static.c</Name>
        <Path>Source Files/app/system_config/PingPong_ECM144/framework/system/clk/src</Path>
        <Checksum>2D71D50AECFBAAA6DCBCA339259E37E3</Checksum>
      </Template>
      <Template>
        <Name>system_tasks.c</Name>
        <Path>Source Files/app/system_config/PingPong_ECM144</Path>
        <Checksum>4312DA698E8038E1EF00C7EA69935C4D</Checksum>
      </Template>
    </Templates>
    <Libraries>
      <Library value="../../../../bin/framework/peripheral/PIC32MZ2048ECM144_peripherals.a"/>
    </Libraries>
  </Manifest>
</configuration>
