<?xml version="1.0" encoding="UTF-8" standalone="no"?>
<configuration version="1.0.4.22">
  <Designer>
    <Screens height="200" width="320">
      <Screen active="true" background="000000" export="true" name="Untitled" primary="true">
        <Objects/>
      </Screen>
    </Screens>
    <Schemes>
      <Scheme name="default">
        <Alpha>255</Alpha>
        <BackgroundOffset>0,0</BackgroundOffset>
        <EmbossSize>3</EmbossSize>
        <Colors>
          <Primary>FFFFFF</Primary>
          <Secondary>404040</Secondary>
          <Disabled>C0C0C0</Disabled>
          <Background>000000</Background>
          <EmbossLight>C0C0C0</EmbossLight>
          <EmbossDark>404040</EmbossDark>
          <TextPrimary>000000</TextPrimary>
          <TextSecondary>FFFFFF</TextSecondary>
          <TextDisabled>404040</TextDisabled>
        </Colors>
      </Scheme>
    </Schemes>
  </Designer>
  <General>
    <HarmonyPath path="../../.."/>
    <ForceOptimization flag="true"/>
  </General>
  <Manifest>
    <Files>
      <File>
        <Name>dns.c</Name>
        <Path>Source Files/framework/tcpip/stack</Path>
      </File>
      <File>
        <Name>hash_fnv.h</Name>
        <Path>Header Files/framework/tcpip/stack</Path>
      </File>
      <File>
        <Name>sys_command.h</Name>
        <Path>Header Files/framework/system/command</Path>
      </File>
      <File>
        <Name>bsp_config.h</Name>
        <Path>Header Files/bsp/pic32mz_ec_sk</Path>
      </File>
      <File>
        <Name>ipv4.c</Name>
        <Path>Source Files/framework/tcpip/stack</Path>
      </File>
      <File>
        <Name>tcpip_helpers_private.h</Name>
        <Path>Header Files/framework/tcpip/stack</Path>
      </File>
      <File>
        <Name>drv_ethphy.h</Name>
        <Path>Header Files/framework/driver/ethphy</Path>
      </File>
      <File>
        <Name>udp.h</Name>
        <Path>Header Files/framework/tcpip</Path>
      </File>
      <File>
        <Name>zero_conf_helper.c</Name>
        <Path>Source Files/framework/tcpip/stack</Path>
      </File>
      <File>
        <Name>dhcp_private.h</Name>
        <Path>Header Files/framework/tcpip/stack</Path>
      </File>
      <File>
        <Name>arc4.c</Name>
        <Path>Source Files/framework/crypto/src</Path>
      </File>
      <File>
        <Name>zero_conf_link_local_private.h</Name>
        <Path>Header Files/framework/tcpip/stack</Path>
      </File>
      <File>
        <Name>arp.h</Name>
        <Path>Header Files/framework/tcpip</Path>
      </File>
      <File>
        <Name>usb_device_cdc.h</Name>
        <Path>Header Files/framework/usb</Path>
      </File>
      <File>
        <Name>sys_int.h</Name>
        <Path>Header Files/framework/system/int</Path>
      </File>
      <File>
        <Name>sys_debug.h</Name>
        <Path>Header Files/framework/system/debug</Path>
      </File>
      <File>
        <Name>_eth_dcpt_lists.h</Name>
        <Path>Header Files/framework/driver/ethmac</Path>
      </File>
      <File>
        <Name>arp_private.h</Name>
        <Path>Header Files/framework/tcpip/stack</Path>
      </File>
      <File>
        <Name>dhcp.h</Name>
        <Path>Header Files/framework/tcpip</Path>
      </File>
      <File>
        <Name>udp_manager.h</Name>
        <Path>Header Files/framework/tcpip/stack</Path>
      </File>
      <File>
        <Name>tcpip_notify.c</Name>
        <Path>Source Files/framework/tcpip/stack</Path>
      </File>
      <File>
        <Name>tcpip_heap_alloc.h</Name>
        <Path>Header Files/framework/tcpip/stack</Path>
      </File>
      <File>
        <Name>sys_devcon_cache.h</Name>
        <Path>Header Files/framework/system/devcon</Path>
      </File>
      <File>
        <Name>sys_console_usb_cdc_local.h</Name>
        <Path>Header Files/framework/system/console/src</Path>
      </File>
      <File>
        <Name>hash_fnv.c</Name>
        <Path>Source Files/framework/tcpip/stack</Path>
      </File>
      <File>
        <Name>drv_usbhs_device.c</Name>
        <Path>Source Files/framework/driver/usb/usbhs/src/dynamic</Path>
      </File>
      <File>
        <Name>sys_console.c</Name>
        <Path>Source Files/framework/system/console/src</Path>
      </File>
      <File>
        <Name>tcpip_packet.c</Name>
        <Path>Source Files/framework/tcpip/stack</Path>
      </File>
      <File>
        <Name>tcpip_heap_alloc.c</Name>
        <Path>Source Files/framework/tcpip/stack</Path>
      </File>
      <File>
        <Name>sys_reset.h</Name>
        <Path>Header Files/framework/system/reset</Path>
      </File>
      <File>
        <Name>hashes.h</Name>
        <Path>Header Files/framework/tcpip/common</Path>
      </File>
      <File>
        <Name>sys_module.h</Name>
        <Path>Header Files/framework/system/common</Path>
      </File>
      <File>
        <Name>drv_extphy_regs.h</Name>
        <Path>Header Files/framework/driver/ethphy</Path>
      </File>
      <File>
        <Name>tcpip_commands_manager.h</Name>
        <Path>Header Files/framework/tcpip/stack</Path>
      </File>
      <File>
        <Name>tcpip_ethernet.h</Name>
        <Path>Header Files/framework/tcpip</Path>
      </File>
      <File>
        <Name>sys_common.h</Name>
        <Path>Header Files/framework/system/common</Path>
      </File>
      <File>
        <Name>drv_tmr.h</Name>
        <Path>Header Files/framework/driver/tmr</Path>
      </File>
      <File>
        <Name>ipv4_private.h</Name>
        <Path>Header Files/framework/tcpip/stack</Path>
      </File>
      <File>
        <Name>drv_ethmac_local.h</Name>
        <Path>Header Files/framework/driver/ethmac</Path>
      </File>
      <File>
        <Name>big_int_helper_c32.S</Name>
        <Path>Source Files/framework/tcpip/common</Path>
      </File>
      <File>
        <Name>sys_devcon.c</Name>
        <Path>Source Files/framework/system/devcon/src</Path>
      </File>
      <File>
        <Name>usb_device.h</Name>
        <Path>Header Files/framework/usb</Path>
      </File>
      <File>
        <Name>sys_devcon.h</Name>
        <Path>Header Files/framework/system/devcon</Path>
      </File>
      <File>
        <Name>tcpip_types.h</Name>
        <Path>Header Files/framework/tcpip/stack</Path>
      </File>
      <File>
        <Name>drv_tmr.c</Name>
        <Path>Source Files/framework/driver/tmr/src/dynamic</Path>
      </File>
      <File>
        <Name>link_list.h</Name>
        <Path>Header Files/framework/tcpip/stack</Path>
      </File>
      <File>
        <Name>sys_console_usb_cdc.c</Name>
        <Path>Source Files/framework/system/console/src</Path>
      </File>
      <File>
        <Name>drv_usbhs.c</Name>
        <Path>Source Files/framework/driver/usb/usbhs/src/dynamic</Path>
      </File>
      <File>
        <Name>random.c</Name>
        <Path>Source Files/framework/crypto/src</Path>
      </File>
      <File>
        <Name>tcp_private.h</Name>
        <Path>Header Files/framework/tcpip/stack</Path>
      </File>
      <File>
        <Name>drv_extphy_smsc8740.h</Name>
        <Path>Header Files/framework/driver/ethphy</Path>
      </File>
      <File>
        <Name>drv_ethmac_lib.c</Name>
        <Path>Source Files/framework/driver/ethmac</Path>
      </File>
      <File>
        <Name>ipv4.h</Name>
        <Path>Header Files/framework/tcpip</Path>
      </File>
      <File>
        <Name>tcpip_helper_c32.S</Name>
        <Path>Source Files/framework/tcpip/stack</Path>
      </File>
      <File>
        <Name>sys_random.h</Name>
        <Path>Header Files/framework/system/random</Path>
      </File>
      <File>
        <Name>udp.c</Name>
        <Path>Source Files/framework/tcpip/stack</Path>
      </File>
      <File>
        <Name>random.h</Name>
        <Path>Header Files/framework/crypto/src</Path>
      </File>
      <File>
        <Name>tcpip_notify.h</Name>
        <Path>Header Files/framework/tcpip/stack</Path>
      </File>
      <File>
        <Name>icmp.h</Name>
        <Path>Header Files/framework/tcpip</Path>
      </File>
      <File>
        <Name>arc4.h</Name>
        <Path>Header Files/framework/crypto/src</Path>
      </File>
      <File>
        <Name>usb_device_cdc_acm.c</Name>
        <Path>Source Files/framework/usb/src/dynamic</Path>
      </File>
      <File>
        <Name>zero_conf_link_local.h</Name>
        <Path>Header Files/framework/tcpip</Path>
      </File>
      <File>
        <Name>sys_debug.c</Name>
        <Path>Source Files/framework/system/debug/src</Path>
      </File>
      <File>
        <Name>tcp.c</Name>
        <Path>Source Files/framework/tcpip/stack</Path>
      </File>
      <File>
        <Name>crypto.h</Name>
        <Path>Header Files/framework/crypto</Path>
      </File>
      <File>
        <Name>icmp_manager.h</Name>
        <Path>Header Files/framework/tcpip/stack</Path>
      </File>
      <File>
        <Name>driver.h</Name>
        <Path>Header Files/framework/driver</Path>
      </File>
      <File>
        <Name>tcpip_mac_object.h</Name>
        <Path>Header Files/framework/tcpip</Path>
      </File>
      <File>
        <Name>tcp_manager.h</Name>
        <Path>Header Files/framework/tcpip/stack</Path>
      </File>
      <File>
        <Name>tcpip_mac.h</Name>
        <Path>Header Files/framework/tcpip</Path>
      </File>
      <File>
        <Name>helpers.h</Name>
        <Path>Header Files/framework/tcpip/common</Path>
      </File>
      <File>
        <Name>dhcp_manager.h</Name>
        <Path>Header Files/framework/tcpip/stack</Path>
      </File>
      <File>
        <Name>sys_console_local.h</Name>
        <Path>Header Files/framework/system/console/src</Path>
      </File>
      <File>
        <Name>drv_usb.h</Name>
        <Path>Header Files/framework/driver/usb</Path>
      </File>
      <File>
        <Name>nbns.h</Name>
        <Path>Header Files/framework/tcpip</Path>
      </File>
      <File>
        <Name>dns_manager.h</Name>
        <Path>Header Files/framework/tcpip/stack</Path>
      </File>
      <File>
        <Name>usb_device_cdc.c</Name>
        <Path>Source Files/framework/usb/src/dynamic</Path>
      </File>
      <File>
        <Name>drv_ethphy.c</Name>
        <Path>Source Files/framework/driver/ethphy</Path>
      </File>
      <File>
        <Name>drv_ethmac.h</Name>
        <Path>Header Files/framework/driver/ethmac</Path>
      </File>
      <File>
        <Name>tcpip_manager_control.h</Name>
        <Path>Header Files/framework/tcpip/stack</Path>
      </File>
      <File>
        <Name>helpers.c</Name>
        <Path>Source Files/framework/tcpip/common</Path>
      </File>
      <File>
        <Name>sys_devcon_cache_pic32mz.S</Name>
        <Path>Source Files/framework/system/devcon/src</Path>
      </File>
      <File>
        <Name>tcpip_announce.c</Name>
        <Path>Source Files/framework/tcpip/stack</Path>
      </File>
      <File>
        <Name>icmp.c</Name>
        <Path>Source Files/framework/tcpip/stack</Path>
      </File>
      <File>
        <Name>tcpip_announce_manager.h</Name>
        <Path>Header Files/framework/tcpip/stack</Path>
      </File>
      <File>
        <Name>tcpip_manager.c</Name>
        <Path>Source Files/framework/tcpip/stack</Path>
      </File>
      <File>
        <Name>big_int.h</Name>
        <Path>Header Files/framework/tcpip/common</Path>
      </File>
      <File>
        <Name>arp.c</Name>
        <Path>Source Files/framework/tcpip/stack</Path>
      </File>
      <File>
        <Name>system.h</Name>
        <Path>Header Files/framework/system</Path>
      </File>
      <File>
        <Name>bsp_sys_init.c</Name>
        <Path>Source Files/bsp/pic32mz_ec_sk</Path>
      </File>
      <File>
        <Name>dns.h</Name>
        <Path>Header Files/framework/tcpip</Path>
      </File>
      <File>
        <Name>arp_manager.h</Name>
        <Path>Header Files/framework/tcpip/stack</Path>
      </File>
      <File>
        <Name>tcpip_manager.h</Name>
        <Path>Header Files/framework/tcpip</Path>
      </File>
      <File>
        <Name>udp_private.h</Name>
        <Path>Header Files/framework/tcpip/stack</Path>
      </File>
      <File>
        <Name>drv_ethphy_local.h</Name>
        <Path>Header Files/framework/driver/ethphy</Path>
      </File>
      <File>
        <Name>tcpip_helpers.c</Name>
        <Path>Source Files/framework/tcpip/stack</Path>
      </File>
      <File>
        <Name>sys_random.c</Name>
        <Path>Source Files/framework/system/random/src</Path>
      </File>
      <File>
        <Name>sys_console.h</Name>
        <Path>Header Files/framework/system/console</Path>
      </File>
      <File>
        <Name>drv_extphy_smsc8740.c</Name>
        <Path>Source Files/framework/driver/ethphy</Path>
      </File>
      <File>
        <Name>drv_ethmac_lib.h</Name>
        <Path>Header Files/framework/driver/ethmac</Path>
      </File>
      <File>
        <Name>tls.h</Name>
        <Path>Header Files/framework/tcpip</Path>
      </File>
      <File>
        <Name>zero_conf_link_local.c</Name>
        <Path>Source Files/framework/tcpip/stack</Path>
      </File>
      <File>
        <Name>sys_devcon_pic32mz.c</Name>
        <Path>Source Files/framework/system/devcon/src</Path>
      </File>
      <File>
        <Name>usb_cdc.h</Name>
        <Path>Header Files/framework/usb</Path>
      </File>
      <File>
        <Name>oahash.h</Name>
        <Path>Header Files/framework/tcpip/stack</Path>
      </File>
      <File>
        <Name>lfsr.h</Name>
        <Path>Header Files/framework/tcpip/common</Path>
      </File>
      <File>
        <Name>sys_ports.c</Name>
        <Path>Source Files/framework/system/ports/src</Path>
      </File>
      <File>
        <Name>nbns_manager.h</Name>
        <Path>Header Files/framework/tcpip/stack</Path>
      </File>
      <File>
        <Name>usb_device.c</Name>
        <Path>Source Files/framework/usb/src/dynamic</Path>
      </File>
      <File>
        <Name>nbns.c</Name>
        <Path>Source Files/framework/tcpip/stack</Path>
      </File>
      <File>
        <Name>tcpip.h</Name>
        <Path>Header Files/framework/tcpip</Path>
      </File>
      <File>
        <Name>sys_reset.c</Name>
        <Path>Source Files/framework/system/reset/src</Path>
      </File>
      <File>
        <Name>sys_tmr.h</Name>
        <Path>Header Files/framework/system/tmr</Path>
      </File>
      <File>
        <Name>sys_ports.h</Name>
        <Path>Header Files/framework/system/ports</Path>
      </File>
      <File>
        <Name>tcpip_packet.h</Name>
        <Path>Header Files/framework/tcpip/stack</Path>
      </File>
      <File>
        <Name>hashes.c</Name>
        <Path>Source Files/framework/tcpip/common</Path>
      </File>
      <File>
        <Name>tcpip_private.h</Name>
        <Path>Header Files/framework/tcpip/stack</Path>
      </File>
      <File>
        <Name>oahash.c</Name>
        <Path>Source Files/framework/tcpip/stack</Path>
      </File>
      <File>
        <Name>zero_conf_helper.h</Name>
        <Path>Header Files/framework/tcpip/stack</Path>
      </File>
      <File>
        <Name>tcpip_module_manager.h</Name>
        <Path>Header Files/framework/tcpip/stack</Path>
      </File>
      <File>
        <Name>dns_private.h</Name>
        <Path>Header Files/framework/tcpip/stack</Path>
      </File>
      <File>
        <Name>crypto.c</Name>
        <Path>Source Files/framework/crypto/src</Path>
      </File>
      <File>
        <Name>sys_tmr.c</Name>
        <Path>Source Files/framework/system/tmr/src</Path>
      </File>
      <File>
        <Name>tcpip_commands.c</Name>
        <Path>Source Files/framework/tcpip/stack</Path>
      </File>
      <File>
        <Name>dhcp.c</Name>
        <Path>Source Files/framework/tcpip/stack</Path>
      </File>
      <File>
        <Name>lfsr.c</Name>
        <Path>Source Files/framework/tcpip/common</Path>
      </File>
      <File>
        <Name>sys_int_pic32.c</Name>
        <Path>Source Files/framework/system/int/src</Path>
      </File>
      <File>
        <Name>sys_command.c</Name>
        <Path>Source Files/framework/system/command/src</Path>
      </File>
      <File>
        <Name>ipv4_manager.h</Name>
        <Path>Header Files/framework/tcpip/stack</Path>
      </File>
      <File>
        <Name>drv_ethmac.c</Name>
        <Path>Source Files/framework/driver/ethmac</Path>
      </File>
      <File>
        <Name>tcpip_common_ports.h</Name>
        <Path>Header Files/framework/tcpip</Path>
      </File>
      <File>
        <Name>big_int.c</Name>
        <Path>Source Files/framework/tcpip/common</Path>
      </File>
      <File>
        <Name>tcpip_helpers.h</Name>
        <Path>Header Files/framework/tcpip</Path>
      </File>
      <File>
        <Name>tcp.h</Name>
        <Path>Header Files/framework/tcpip</Path>
      </File>
    </Files>
    <Templates>
      <Template>
        <Name>main.c</Name>
        <Path>Source Files/app</Path>
      </Template>
      <Template>
        <Name>system_tasks.c</Name>
        <Path>Source Files/app/system_config/pic32mz_ec_sk</Path>
        <Checksum>42502CB450BFC1F73D1DB170B5CD3C98</Checksum>
      </Template>
      <Template>
        <Name>sys_ports_static.c</Name>
        <Path>Source Files/app/system_config/pic32mz_ec_sk/framework/system/ports/src</Path>
        <Checksum>84AF6CFF10A0AB35154884B662931D47</Checksum>
      </Template>
      <Template>
        <Name>app.c</Name>
        <Path>Source Files/app</Path>
      </Template>
      <Template>
        <Name>sys_clk_static.h</Name>
        <Path>Header Files/app/system_config/pic32mz_ec_sk/framework/system/clk</Path>
        <Checksum>999179DADE9ECD59953526F5E9F83ACC</Checksum>
      </Template>
      <Template>
        <Name>system_config.h</Name>
        <Path>Header Files/app/system_config/pic32mz_ec_sk</Path>
        <Checksum>AED863F49A96F700045B0D9751F0792F</Checksum>
      </Template>
      <Template>
        <Name>sys_clk_static.c</Name>
        <Path>Source Files/app/system_config/pic32mz_ec_sk/framework/system/clk/src</Path>
        <Checksum>5F55A6E768873CA10794AE5244E01C04</Checksum>
      </Template>
      <Template>
        <Name>app.h</Name>
        <Path>Header Files/app</Path>
      </Template>
      <Template>
        <Name>system_interrupt.c</Name>
        <Path>Source Files/app/system_config/pic32mz_ec_sk</Path>
        <Checksum>81F49F0C12A4954B652F37DCEFE209A7</Checksum>
      </Template>
      <Template>
        <Name>system_init.c</Name>
        <Path>Source Files/app/system_config/pic32mz_ec_sk</Path>
        <Checksum>9FF4EE3A78D5482725760B7BA8E887BF</Checksum>
      </Template>
      <Template>
        <Name>system_exceptions.c</Name>
        <Path>Source Files/app/system_config/pic32mz_ec_sk</Path>
        <Checksum>C111969CA43D6CEA1E9E33A6164E7AE0</Checksum>
      </Template>
      <Template>
        <Name>system_definitions.h</Name>
        <Path>Header Files/app/system_config/pic32mz_ec_sk</Path>
        <Checksum>D0838166DA0B50C8B1861A198D40B193</Checksum>
      </Template>
    </Templates>
    <CompilerItems>
      <C32>
        <Include value="../../../../../bsp/pic32mz_ec_sk"/>
      </C32>
    </CompilerItems>
    <Libraries>
      <Library value="../../../../../bin/framework/peripheral/PIC32MZ2048ECM144_peripherals.a"/>
    </Libraries>
  </Manifest>
</configuration>
