<?xml version="1.0" encoding="UTF-8" standalone="no"?>
<configuration version="1.0.4.12">
  <General>
    <HarmonyPath path="../../../.."/>
    <ForceOptimization flag="true"/>
  </General>
  <Manifest>
    <Files>
      <File>
        <Name>sys_module.h</Name>
        <Path>Header Files/framework/system/common</Path>
      </File>
      <File>
        <Name>usb_cdc.h</Name>
        <Path>Header Files/framework/usb</Path>
      </File>
      <File>
        <Name>sys_int.h</Name>
        <Path>Header Files/framework/system/int</Path>
      </File>
      <File>
        <Name>drv_usb.h</Name>
        <Path>Header Files/framework/driver/usb</Path>
      </File>
      <File>
        <Name>sys_common.h</Name>
        <Path>Header Files/framework/system/common</Path>
      </File>
      <File>
        <Name>usb_device_cdc.c</Name>
        <Path>Source Files/framework/usb/src/dynamic</Path>
      </File>
      <File>
        <Name>system.h</Name>
        <Path>Header Files/framework/system</Path>
      </File>
      <File>
        <Name>sys_ports.c</Name>
        <Path>Source Files/framework/system/ports/src</Path>
      </File>
      <File>
        <Name>usb_device.c</Name>
        <Path>Source Files/framework/usb/src/dynamic</Path>
      </File>
      <File>
        <Name>usb_device_cdc_acm.c</Name>
        <Path>Source Files/framework/usb/src/dynamic</Path>
      </File>
      <File>
        <Name>drv_usbfs_device.c</Name>
        <Path>Source Files/framework/driver/usb/usbfs/src/dynamic</Path>
      </File>
      <File>
        <Name>bsp_sys_init.c</Name>
        <Path>Source Files/bsp/pic32mx_125_sk</Path>
      </File>
      <File>
        <Name>sys_devcon.c</Name>
        <Path>Source Files/framework/system/devcon/src</Path>
      </File>
      <File>
        <Name>usb_device.h</Name>
        <Path>Header Files/framework/usb</Path>
      </File>
      <File>
        <Name>sys_ports.h</Name>
        <Path>Header Files/framework/system/ports</Path>
      </File>
      <File>
        <Name>sys_int_pic32.c</Name>
        <Path>Source Files/framework/system/int/src</Path>
      </File>
      <File>
        <Name>sys_devcon.h</Name>
        <Path>Header Files/framework/system/devcon</Path>
      </File>
      <File>
        <Name>sys_devcon_pic32mx.c</Name>
        <Path>Source Files/framework/system/devcon/src</Path>
      </File>
      <File>
        <Name>usb_device_cdc.h</Name>
        <Path>Header Files/framework/usb</Path>
      </File>
      <File>
        <Name>drv_usbfs.c</Name>
        <Path>Source Files/framework/driver/usb/usbfs/src/dynamic</Path>
      </File>
      <File>
        <Name>bsp_config.h</Name>
        <Path>Header Files/bsp/pic32mx_125_sk</Path>
      </File>
    </Files>
    <Templates>
      <Template>
        <Name>main.c</Name>
        <Path>Source Files/app</Path>
      </Template>
      <Template>
        <Name>system_config.h</Name>
        <Path>Header Files/app/system_config/pic32mx_125_sk_int_dyn</Path>
        <Checksum>C5FD6E8886A7CED25BA9CC2E1F4013C9</Checksum>
      </Template>
      <Template>
        <Name>app.c</Name>
        <Path>Source Files/app</Path>
      </Template>
      <Template>
        <Name>system_tasks.c</Name>
        <Path>Source Files/app/system_config/pic32mx_125_sk_int_dyn</Path>
        <Checksum>C051440866B3433982D20908212CADC7</Checksum>
      </Template>
      <Template>
        <Name>system_exceptions.c</Name>
        <Path>Source Files/app/system_config/pic32mx_125_sk_int_dyn</Path>
        <Checksum>C111969CA43D6CEA1E9E33A6164E7AE0</Checksum>
      </Template>
      <Template>
        <Name>system_init.c</Name>
        <Path>Source Files/app/system_config/pic32mx_125_sk_int_dyn</Path>
        <Checksum>871E01F298A33E91DF669C79CA912992</Checksum>
      </Template>
      <Template>
        <Name>sys_clk_static.h</Name>
        <Path>Header Files/app/system_config/pic32mx_125_sk_int_dyn/framework/system/clk</Path>
        <Checksum>999179DADE9ECD59953526F5E9F83ACC</Checksum>
      </Template>
      <Template>
        <Name>app.h</Name>
        <Path>Header Files/app</Path>
      </Template>
      <Template>
        <Name>system_definitions.h</Name>
        <Path>Header Files/app/system_config/pic32mx_125_sk_int_dyn</Path>
        <Checksum>34BBD02D199785E440F4750DB9486232</Checksum>
      </Template>
      <Template>
        <Name>sys_ports_static.c</Name>
        <Path>Source Files/app/system_config/pic32mx_125_sk_int_dyn/framework/system/ports/src</Path>
        <Checksum>5E4D471AE1BA1E3825B540148D6E20B8</Checksum>
      </Template>
      <Template>
        <Name>sys_clk_static.c</Name>
        <Path>Source Files/app/system_config/pic32mx_125_sk_int_dyn/framework/system/clk/src</Path>
        <Checksum>27122BBFD483AF6F9CDC5E383D7ED156</Checksum>
      </Template>
      <Template>
        <Name>system_interrupt.c</Name>
        <Path>Source Files/app/system_config/pic32mx_125_sk_int_dyn</Path>
        <Checksum>47A5076AA91BAE06631DEEC4F640395C</Checksum>
      </Template>
    </Templates>
    <CompilerItems>
      <C32>
        <Include value="../../../../../../bsp/pic32mx_125_sk"/>
      </C32>
    </CompilerItems>
    <Libraries>
      <Library value="../../../../../../bin/framework/peripheral/PIC32MX570F512L_peripherals.a"/>
    </Libraries>
  </Manifest>
</configuration>
