<?xml version="1.0" encoding="UTF-8"?><project-private xmlns="http://www.netbeans.org/ns/project-private/1">
    <editor-bookmarks xmlns="http://www.netbeans.org/ns/editor-bookmarks/1"/>
    <open-files xmlns="http://www.netbeans.org/ns/projectui-open-files/1">
        <file>file:/C:/microchip/harmony/v1_04_02/apps/rtos/freertos/tcpip_client_server/firmware/src/app_p32MZ.ld</file>
        <file>file:/C:/microchip/harmony/v1_04_02/apps/rtos/freertos/tcpip_client_server/firmware/src/main.c</file>
        <file>file:/C:/microchip/harmony/v1_04_02/apps/rtos/freertos/tcpip_client_server/firmware/src/system_config/pic32mz_ec_sk/system_init.c</file>
        <file>file:/C:/microchip/harmony/v1_04_02/apps/rtos/freertos/tcpip_client_server/firmware/src/system_config/pic32mz_ec_sk/system_tasks.c</file>
    </open-files>
</project-private>
