<?xml version="1.0" encoding="UTF-8"?>
<configurationDescriptor version="62">
  <logicalFolder name="root" displayName="root" projectFiles="true">
    <logicalFolder name="HeaderFiles"
                   displayName="Header Files"
                   projectFiles="true">
      <logicalFolder name="app" displayName="app" projectFiles="true">
        <logicalFolder name="system_config"
                       displayName="system_config"
                       projectFiles="true">
          <logicalFolder name="f1"
                         displayName="pic32mx_usb_sk2_int_dyn"
                         projectFiles="true">
            <logicalFolder name="f1" displayName="framework" projectFiles="true">
              <logicalFolder name="f1" displayName="system" projectFiles="true">
                <logicalFolder name="f1" displayName="clk" projectFiles="true">
                  <itemPath>../src/system_config/pic32mx_usb_sk2_int_dyn/framework/system/clk/sys_clk_static.h</itemPath>
                </logicalFolder>
              </logicalFolder>
            </logicalFolder>
            <itemPath>../src/system_config/pic32mx_usb_sk2_int_dyn/FreeRTOSConfig.h</itemPath>
            <itemPath>../src/system_config/pic32mx_usb_sk2_int_dyn/system_config.h</itemPath>
            <itemPath>../src/system_config/pic32mx_usb_sk2_int_dyn/system_definitions.h</itemPath>
          </logicalFolder>
          <logicalFolder name="f2"
                         displayName="pic32mz_ec_sk_int_dyn"
                         projectFiles="true">
            <logicalFolder name="f1" displayName="framework" projectFiles="true">
              <logicalFolder name="f1" displayName="system" projectFiles="true">
                <logicalFolder name="f1" displayName="clk" projectFiles="true">
                  <itemPath>..\src\system_config\pic32mz_ec_sk_int_dyn\framework\system\clk\sys_clk_static.h</itemPath>
                </logicalFolder>
              </logicalFolder>
            </logicalFolder>
            <itemPath>..\src\system_config\pic32mz_ec_sk_int_dyn\FreeRTOSConfig.h</itemPath>
            <itemPath>..\src\system_config\pic32mz_ec_sk_int_dyn\system_config.h</itemPath>
            <itemPath>..\src\system_config\pic32mz_ec_sk_int_dyn\system_definitions.h</itemPath>
          </logicalFolder>
        </logicalFolder>
        <itemPath>../src/app.h</itemPath>
      </logicalFolder>
      <logicalFolder name="bsp" displayName="bsp" projectFiles="true">
        <logicalFolder name="f1" displayName="pic32mx_usb_sk2" projectFiles="true">
          <itemPath>../../../../../../bsp/pic32mx_usb_sk2/bsp_config.h</itemPath>
        </logicalFolder>
        <logicalFolder name="f2" displayName="pic32mz_ec_sk" projectFiles="true">
          <itemPath>..\..\..\..\..\..\bsp\pic32mz_ec_sk\bsp_config.h</itemPath>
        </logicalFolder>
      </logicalFolder>
      <logicalFolder name="f1" displayName="framework" projectFiles="true">
        <logicalFolder name="f1" displayName="driver" projectFiles="true">
          <logicalFolder name="f1" displayName="tmr" projectFiles="true">
            <itemPath>..\..\..\..\..\..\framework\driver\tmr\drv_tmr.h</itemPath>
          </logicalFolder>
          <logicalFolder name="f2" displayName="usb" projectFiles="true">
            <itemPath>../../../../../../framework/driver/usb/drv_usb.h</itemPath>
          </logicalFolder>
          <itemPath>..\..\..\..\..\..\framework\driver\driver.h</itemPath>
        </logicalFolder>
        <logicalFolder name="f2" displayName="system" projectFiles="true">
          <logicalFolder name="f1" displayName="common" projectFiles="true">
            <itemPath>../../../../../../framework/system/common/sys_common.h</itemPath>
            <itemPath>../../../../../../framework/system/common/sys_module.h</itemPath>
          </logicalFolder>
          <logicalFolder name="f2" displayName="devcon" projectFiles="true">
            <itemPath>../../../../../../framework/system/devcon/sys_devcon.h</itemPath>
            <itemPath>..\..\..\..\..\..\framework\system\devcon\src\sys_devcon_cache.h</itemPath>
          </logicalFolder>
          <logicalFolder name="f3" displayName="int" projectFiles="true">
            <itemPath>../../../../../../framework/system/int/sys_int.h</itemPath>
          </logicalFolder>
          <logicalFolder name="f4" displayName="ports" projectFiles="true">
            <itemPath>../../../../../../framework/system/ports/sys_ports.h</itemPath>
          </logicalFolder>
          <logicalFolder name="f5" displayName="tmr" projectFiles="true">
            <itemPath>..\..\..\..\..\..\framework\system\tmr\sys_tmr.h</itemPath>
          </logicalFolder>
          <itemPath>../../../../../../framework/system/system.h</itemPath>
        </logicalFolder>
        <logicalFolder name="f3" displayName="usb" projectFiles="true">
          <itemPath>../../../../../../framework/usb/usb_device.h</itemPath>
          <itemPath>../../../../../../framework/usb/usb_cdc.h</itemPath>
          <itemPath>../../../../../../framework/usb/usb_device_cdc.h</itemPath>
        </logicalFolder>
      </logicalFolder>
      <logicalFolder name="FreeRTOS" displayName="FreeRTOS" projectFiles="true">
        <logicalFolder name="portable" displayName="portable" projectFiles="true">
          <logicalFolder name="MPLAB" displayName="MPLAB" projectFiles="true">
            <logicalFolder name="f1" displayName="PIC32MX" projectFiles="true">
              <itemPath>../../../../../../third_party/rtos/FreeRTOS/Source/portable/MPLAB/PIC32MX/ISR_Support.h</itemPath>
              <itemPath>../../../../../../third_party/rtos/FreeRTOS/Source/portable/MPLAB/PIC32MX/portmacro.h</itemPath>
            </logicalFolder>
            <logicalFolder name="f2" displayName="PIC32MZ" projectFiles="true">
              <itemPath>..\..\..\..\..\..\third_party\rtos\FreeRTOS\Source\portable\MPLAB\PIC32MZ\ISR_Support.h</itemPath>
              <itemPath>..\..\..\..\..\..\third_party\rtos\FreeRTOS\Source\portable\MPLAB\PIC32MZ\portmacro.h</itemPath>
            </logicalFolder>
          </logicalFolder>
        </logicalFolder>
        <itemPath>../../../../../../third_party/rtos/FreeRTOS/Source/include/croutine.h</itemPath>
        <itemPath>../../../../../../third_party/rtos/FreeRTOS/Source/include/event_groups.h</itemPath>
        <itemPath>../../../../../../third_party/rtos/FreeRTOS/Source/include/FreeRTOS.h</itemPath>
        <itemPath>../../../../../../third_party/rtos/FreeRTOS/Source/include/list.h</itemPath>
        <itemPath>../../../../../../third_party/rtos/FreeRTOS/Source/include/mpu_wrappers.h</itemPath>
        <itemPath>../../../../../../third_party/rtos/FreeRTOS/Source/include/portable.h</itemPath>
        <itemPath>../../../../../../third_party/rtos/FreeRTOS/Source/include/projdefs.h</itemPath>
        <itemPath>../../../../../../third_party/rtos/FreeRTOS/Source/include/queue.h</itemPath>
        <itemPath>../../../../../../third_party/rtos/FreeRTOS/Source/include/semphr.h</itemPath>
        <itemPath>../../../../../../third_party/rtos/FreeRTOS/Source/include/StackMacros.h</itemPath>
        <itemPath>../../../../../../third_party/rtos/FreeRTOS/Source/include/task.h</itemPath>
        <itemPath>../../../../../../third_party/rtos/FreeRTOS/Source/include/timers.h</itemPath>
      </logicalFolder>
    </logicalFolder>
    <logicalFolder name="LinkerScript"
                   displayName="Linker Files"
                   projectFiles="true">
    </logicalFolder>
    <logicalFolder name="SourceFiles"
                   displayName="Source Files"
                   projectFiles="true">
      <logicalFolder name="app" displayName="app" projectFiles="true">
        <logicalFolder name="system_config"
                       displayName="system_config"
                       projectFiles="true">
          <logicalFolder name="f1"
                         displayName="pic32mx_usb_sk2_int_dyn"
                         projectFiles="true">
            <logicalFolder name="f1" displayName="framework" projectFiles="true">
              <logicalFolder name="f1" displayName="system" projectFiles="true">
                <logicalFolder name="f1" displayName="clk" projectFiles="true">
                  <logicalFolder name="f1" displayName="src" projectFiles="true">
                    <itemPath>../src/system_config/pic32mx_usb_sk2_int_dyn/framework/system/clk/src/sys_clk_static.c</itemPath>
                  </logicalFolder>
                </logicalFolder>
                <logicalFolder name="f2" displayName="ports" projectFiles="true">
                  <logicalFolder name="f1" displayName="src" projectFiles="true">
                    <itemPath>../src/system_config/pic32mx_usb_sk2_int_dyn/framework/system/ports/src/sys_ports_static.c</itemPath>
                  </logicalFolder>
                </logicalFolder>
              </logicalFolder>
            </logicalFolder>
            <itemPath>../src/system_config/pic32mx_usb_sk2_int_dyn/system_init.c</itemPath>
            <itemPath>../src/system_config/pic32mx_usb_sk2_int_dyn/system_interrupt.c</itemPath>
            <itemPath>../src/system_config/pic32mx_usb_sk2_int_dyn/system_exceptions.c</itemPath>
            <itemPath>../src/system_config/pic32mx_usb_sk2_int_dyn/system_tasks.c</itemPath>
            <itemPath>../src/system_config/pic32mx_usb_sk2_int_dyn/system_interrupt_a.S</itemPath>
            <itemPath>../src/system_config/pic32mx_usb_sk2_int_dyn/rtos_hooks.c</itemPath>
          </logicalFolder>
          <logicalFolder name="f2"
                         displayName="pic32mz_ec_sk_int_dyn"
                         projectFiles="true">
            <logicalFolder name="f1" displayName="framework" projectFiles="true">
              <logicalFolder name="f1" displayName="system" projectFiles="true">
                <logicalFolder name="f1" displayName="clk" projectFiles="true">
                  <logicalFolder name="f1" displayName="src" projectFiles="true">
                    <itemPath>..\src\system_config\pic32mz_ec_sk_int_dyn\framework\system\clk\src\sys_clk_static.c</itemPath>
                  </logicalFolder>
                </logicalFolder>
                <logicalFolder name="f2" displayName="ports" projectFiles="true">
                  <logicalFolder name="f1" displayName="src" projectFiles="true">
                    <itemPath>..\src\system_config\pic32mz_ec_sk_int_dyn\framework\system\ports\src\sys_ports_static.c</itemPath>
                  </logicalFolder>
                </logicalFolder>
              </logicalFolder>
            </logicalFolder>
            <itemPath>..\src\system_config\pic32mz_ec_sk_int_dyn\system_init.c</itemPath>
            <itemPath>..\src\system_config\pic32mz_ec_sk_int_dyn\system_interrupt.c</itemPath>
            <itemPath>..\src\system_config\pic32mz_ec_sk_int_dyn\system_exceptions.c</itemPath>
            <itemPath>..\src\system_config\pic32mz_ec_sk_int_dyn\system_tasks.c</itemPath>
            <itemPath>..\src\system_config\pic32mz_ec_sk_int_dyn\system_interrupt_a.S</itemPath>
            <itemPath>..\src\system_config\pic32mz_ec_sk_int_dyn\rtos_hooks.c</itemPath>
          </logicalFolder>
        </logicalFolder>
        <itemPath>../src/app.c</itemPath>
        <itemPath>../src/main.c</itemPath>
      </logicalFolder>
      <logicalFolder name="bsp" displayName="bsp" projectFiles="true">
        <logicalFolder name="f1" displayName="pic32mx_usb_sk2" projectFiles="true">
          <itemPath>../../../../../../bsp/pic32mx_usb_sk2/bsp_sys_init.c</itemPath>
        </logicalFolder>
        <logicalFolder name="f2" displayName="pic32mz_ec_sk" projectFiles="true">
          <itemPath>..\..\..\..\..\..\bsp\pic32mz_ec_sk\bsp_sys_init.c</itemPath>
        </logicalFolder>
      </logicalFolder>
      <logicalFolder name="framework" displayName="framework" projectFiles="true">
        <logicalFolder name="driver" displayName="driver" projectFiles="true">
          <logicalFolder name="f1" displayName="tmr" projectFiles="true">
            <logicalFolder name="f1" displayName="src" projectFiles="true">
              <logicalFolder name="f1" displayName="dynamic" projectFiles="true">
                <itemPath>..\..\..\..\..\..\framework\driver\tmr\src\dynamic\drv_tmr.c</itemPath>
              </logicalFolder>
            </logicalFolder>
          </logicalFolder>
          <logicalFolder name="usb" displayName="usb" projectFiles="true">
            <logicalFolder name="f1" displayName="usbfs" projectFiles="true">
              <logicalFolder name="f1" displayName="src" projectFiles="true">
                <logicalFolder name="f1" displayName="dynamic" projectFiles="true">
                  <itemPath>../../../../../../framework/driver/usb/usbfs/src/dynamic/drv_usbfs.c</itemPath>
                  <itemPath>../../../../../../framework/driver/usb/usbfs/src/dynamic/drv_usbfs_device.c</itemPath>
                </logicalFolder>
              </logicalFolder>
            </logicalFolder>
            <logicalFolder name="f2" displayName="usbhs" projectFiles="true">
              <logicalFolder name="f1" displayName="src" projectFiles="true">
                <logicalFolder name="f1" displayName="dynamic" projectFiles="true">
                  <itemPath>..\..\..\..\..\..\framework\driver\usb\usbhs\src\dynamic\drv_usbhs.c</itemPath>
                  <itemPath>..\..\..\..\..\..\framework\driver\usb\usbhs\src\dynamic\drv_usbhs_device.c</itemPath>
                </logicalFolder>
              </logicalFolder>
            </logicalFolder>
          </logicalFolder>
        </logicalFolder>
        <logicalFolder name="f1" displayName="osal" projectFiles="true">
          <logicalFolder name="f1" displayName="src" projectFiles="true">
            <itemPath>../../../../../../framework/osal/src/osal_freertos.c</itemPath>
          </logicalFolder>
        </logicalFolder>
        <logicalFolder name="system" displayName="system" projectFiles="true">
          <logicalFolder name="devcon" displayName="devcon" projectFiles="true">
            <logicalFolder name="src" displayName="src" projectFiles="true">
              <itemPath>../../../../../../framework/system/devcon/src/sys_devcon.c</itemPath>
              <itemPath>../../../../../../framework/system/devcon/src/sys_devcon_pic32mx.c</itemPath>
              <itemPath>..\..\..\..\..\..\framework\system\devcon\src\sys_devcon_pic32mz.c</itemPath>
              <itemPath>..\..\..\..\..\..\framework\system\devcon\src\sys_devcon_cache_pic32mz.S</itemPath>
            </logicalFolder>
          </logicalFolder>
          <logicalFolder name="f1" displayName="int" projectFiles="true">
            <logicalFolder name="f1" displayName="src" projectFiles="true">
              <itemPath>../../../../../../framework/system/int/src/sys_int_pic32.c</itemPath>
            </logicalFolder>
          </logicalFolder>
          <logicalFolder name="f2" displayName="ports" projectFiles="true">
            <logicalFolder name="f1" displayName="src" projectFiles="true">
              <itemPath>../../../../../../framework/system/ports/src/sys_ports.c</itemPath>
            </logicalFolder>
          </logicalFolder>
          <logicalFolder name="f3" displayName="tmr" projectFiles="true">
            <logicalFolder name="f1" displayName="src" projectFiles="true">
              <itemPath>..\..\..\..\..\..\framework\system\tmr\src\sys_tmr.c</itemPath>
            </logicalFolder>
          </logicalFolder>
        </logicalFolder>
        <logicalFolder name="f2" displayName="usb" projectFiles="true">
          <logicalFolder name="f1" displayName="src" projectFiles="true">
            <logicalFolder name="f1" displayName="dynamic" projectFiles="true">
              <itemPath>../../../../../../framework/usb/src/dynamic/usb_device.c</itemPath>
              <itemPath>../../../../../../framework/usb/src/dynamic/usb_device_cdc.c</itemPath>
              <itemPath>../../../../../../framework/usb/src/dynamic/usb_device_cdc_acm.c</itemPath>
            </logicalFolder>
          </logicalFolder>
        </logicalFolder>
      </logicalFolder>
      <logicalFolder name="FreeRTOS" displayName="FreeRTOS" projectFiles="true">
        <logicalFolder name="portable" displayName="portable" projectFiles="true">
          <logicalFolder name="f1" displayName="MemMang" projectFiles="true">
            <itemPath>../../../../../../third_party/rtos/FreeRTOS/Source/portable/MemMang/heap_1.c</itemPath>
          </logicalFolder>
          <logicalFolder name="MPLAB" displayName="MPLAB" projectFiles="true">
            <logicalFolder name="f1" displayName="PIC32MX" projectFiles="true">
              <itemPath>../../../../../../third_party/rtos/FreeRTOS/Source/portable/MPLAB/PIC32MX/port.c</itemPath>
              <itemPath>../../../../../../third_party/rtos/FreeRTOS/Source/portable/MPLAB/PIC32MX/port_asm.S</itemPath>
            </logicalFolder>
            <logicalFolder name="f2" displayName="PIC32MZ" projectFiles="true">
              <itemPath>..\..\..\..\..\..\third_party\rtos\FreeRTOS\Source\portable\MPLAB\PIC32MZ\port.c</itemPath>
              <itemPath>..\..\..\..\..\..\third_party\rtos\FreeRTOS\Source\portable\MPLAB\PIC32MZ\port_asm.S</itemPath>
            </logicalFolder>
          </logicalFolder>
        </logicalFolder>
        <itemPath>../../../../../../third_party/rtos/FreeRTOS/Source/croutine.c</itemPath>
        <itemPath>../../../../../../third_party/rtos/FreeRTOS/Source/list.c</itemPath>
        <itemPath>../../../../../../third_party/rtos/FreeRTOS/Source/queue.c</itemPath>
        <itemPath>../../../../../../third_party/rtos/FreeRTOS/Source/tasks.c</itemPath>
        <itemPath>../../../../../../third_party/rtos/FreeRTOS/Source/timers.c</itemPath>
        <itemPath>../../../../../../third_party/rtos/FreeRTOS/Source/event_groups.c</itemPath>
      </logicalFolder>
    </logicalFolder>
    <logicalFolder name="ExternalFiles"
                   displayName="Important Files"
                   projectFiles="false">
      <itemPath>Makefile</itemPath>
    </logicalFolder>
  </logicalFolder>
  <sourceRootList>
    <Elem>../src</Elem>
    <Elem>../src/system_config/pic32mx_usb_sk2_int_dyn</Elem>
    <Elem>../../../../../../framework/osal/src</Elem>
    <Elem>../../../../../../framework/system/devcon/src</Elem>
    <Elem>../../../../../../framework/driver/usb/usbfs/src/dynamic</Elem>
    <Elem>../../../../../../framework/usb/src/dynamic</Elem>
    <Elem>../../../../../../bsp/pic32mx_usb_sk2</Elem>
    <Elem>../../../../../../framework/system/int/src</Elem>
    <Elem>../src/system_config/pic32mz_ec_sk_int_dyn</Elem>
    <Elem>../../../../../../framework/driver/tmr/src/dynamic</Elem>
    <Elem>../../../../../../framework/system/clk/src</Elem>
    <Elem>../../../../../../framework/system/tmr/src</Elem>
    <Elem>../../../../../../framework/driver/usb/usbhs/src/dynamic</Elem>
    <Elem>../../../../../../bsp/pic32mz_ec_sk</Elem>
    <Elem>../../../../../../third_party/rtos/FreeRTOS/Source</Elem>
  </sourceRootList>
  <projectmakefile>Makefile</projectmakefile>
  <confs>
    <conf name="pic32mz_ec_sk_int_dyn" type="2">
      <toolsSet>
        <developmentServer>localhost</developmentServer>
        <targetDevice>PIC32MZ2048ECM144</targetDevice>
        <targetHeader></targetHeader>
        <targetPluginBoard></targetPluginBoard>
        <platformTool>PKOBSKDEPlatformTool</platformTool>
        <languageToolchain>XC32</languageToolchain>
        <languageToolchainVersion>1.34</languageToolchainVersion>
        <platform>3</platform>
      </toolsSet>
      <compileType>
        <linkerTool>
          <linkerLibItems>
            <linkerLibFileItem>../../../../../../bin/framework/peripheral/PIC32MZ2048ECM144_peripherals.a</linkerLibFileItem>
          </linkerLibItems>
        </linkerTool>
        <archiverTool>
        </archiverTool>
        <loading>
          <useAlternateLoadableFile>false</useAlternateLoadableFile>
          <parseOnProdLoad>false</parseOnProdLoad>
          <alternateLoadableFile></alternateLoadableFile>
        </loading>
      </compileType>
      <makeCustomizationType>
        <makeCustomizationPreStepEnabled>false</makeCustomizationPreStepEnabled>
        <makeCustomizationPreStep></makeCustomizationPreStep>
        <makeCustomizationPostStepEnabled>false</makeCustomizationPostStepEnabled>
        <makeCustomizationPostStep></makeCustomizationPostStep>
        <makeCustomizationPutChecksumInUserID>false</makeCustomizationPutChecksumInUserID>
        <makeCustomizationEnableLongLines>false</makeCustomizationEnableLongLines>
        <makeCustomizationNormalizeHexFile>false</makeCustomizationNormalizeHexFile>
      </makeCustomizationType>
      <item path="../../../../../../bsp/pic32mx_usb_sk2/bsp_config.h"
            ex="true"
            overriding="false">
        <C32>
        </C32>
        <C32-AR>
        </C32-AR>
        <C32-AS>
        </C32-AS>
        <C32-LD>
        </C32-LD>
        <C32CPP>
        </C32CPP>
        <C32Global>
        </C32Global>
      </item>
      <item path="../../../../../../bsp/pic32mx_usb_sk2/bsp_sys_init.c"
            ex="true"
            overriding="false">
        <C32>
        </C32>
        <C32-AR>
        </C32-AR>
        <C32-AS>
        </C32-AS>
        <C32-LD>
        </C32-LD>
        <C32CPP>
        </C32CPP>
        <C32Global>
        </C32Global>
      </item>
      <item path="../../../../../../framework/driver/usb/usbfs/src/dynamic/drv_usbfs.c"
            ex="true"
            overriding="false">
        <C32>
        </C32>
        <C32-AR>
        </C32-AR>
        <C32-AS>
        </C32-AS>
        <C32-LD>
        </C32-LD>
        <C32CPP>
        </C32CPP>
        <C32Global>
        </C32Global>
      </item>
      <item path="../../../../../../framework/driver/usb/usbfs/src/dynamic/drv_usbfs_device.c"
            ex="true"
            overriding="false">
        <C32>
        </C32>
        <C32-AR>
        </C32-AR>
        <C32-AS>
        </C32-AS>
        <C32-LD>
        </C32-LD>
        <C32CPP>
        </C32CPP>
        <C32Global>
        </C32Global>
      </item>
      <item path="../../../../../../framework/system/devcon/src/sys_devcon_pic32mx.c"
            ex="true"
            overriding="false">
        <C32>
        </C32>
        <C32-AR>
        </C32-AR>
        <C32-AS>
        </C32-AS>
        <C32-LD>
        </C32-LD>
        <C32CPP>
        </C32CPP>
        <C32Global>
        </C32Global>
      </item>
      <item path="../../../../../../third_party/rtos/FreeRTOS/Source/portable/MPLAB/PIC32MX/ISR_Support.h"
            ex="true"
            overriding="false">
        <C32>
        </C32>
        <C32-AR>
        </C32-AR>
        <C32-AS>
        </C32-AS>
        <C32-LD>
        </C32-LD>
        <C32CPP>
        </C32CPP>
        <C32Global>
        </C32Global>
      </item>
      <item path="../../../../../../third_party/rtos/FreeRTOS/Source/portable/MPLAB/PIC32MX/port.c"
            ex="true"
            overriding="false">
        <C32>
        </C32>
        <C32-AR>
        </C32-AR>
        <C32-AS>
        </C32-AS>
        <C32-LD>
        </C32-LD>
        <C32CPP>
        </C32CPP>
        <C32Global>
        </C32Global>
      </item>
      <item path="../../../../../../third_party/rtos/FreeRTOS/Source/portable/MPLAB/PIC32MX/port_asm.S"
            ex="true"
            overriding="false">
        <C32>
        </C32>
        <C32-AR>
        </C32-AR>
        <C32-AS>
        </C32-AS>
        <C32-LD>
        </C32-LD>
        <C32CPP>
        </C32CPP>
        <C32Global>
        </C32Global>
      </item>
      <item path="../../../../../../third_party/rtos/FreeRTOS/Source/portable/MPLAB/PIC32MX/portmacro.h"
            ex="true"
            overriding="false">
        <C32>
        </C32>
        <C32-AR>
        </C32-AR>
        <C32-AS>
        </C32-AS>
        <C32-LD>
        </C32-LD>
        <C32CPP>
        </C32CPP>
        <C32Global>
        </C32Global>
      </item>
      <item path="../src/system_config/pic32mx_usb_sk2_int_dyn/FreeRTOSConfig.h"
            ex="true"
            overriding="false">
        <C32>
        </C32>
        <C32-AR>
        </C32-AR>
        <C32-AS>
        </C32-AS>
        <C32-LD>
        </C32-LD>
        <C32CPP>
        </C32CPP>
        <C32Global>
        </C32Global>
      </item>
      <item path="../src/system_config/pic32mx_usb_sk2_int_dyn/framework/system/clk/src/sys_clk_static.c"
            ex="true"
            overriding="false">
        <C32>
        </C32>
        <C32-AR>
        </C32-AR>
        <C32-AS>
        </C32-AS>
        <C32-LD>
        </C32-LD>
        <C32CPP>
        </C32CPP>
        <C32Global>
        </C32Global>
      </item>
      <item path="../src/system_config/pic32mx_usb_sk2_int_dyn/framework/system/clk/sys_clk_static.h"
            ex="true"
            overriding="false">
        <C32>
        </C32>
        <C32-AR>
        </C32-AR>
        <C32-AS>
        </C32-AS>
        <C32-LD>
        </C32-LD>
        <C32CPP>
        </C32CPP>
        <C32Global>
        </C32Global>
      </item>
      <item path="../src/system_config/pic32mx_usb_sk2_int_dyn/framework/system/ports/src/sys_ports_static.c"
            ex="true"
            overriding="false">
        <C32>
        </C32>
        <C32-AR>
        </C32-AR>
        <C32-AS>
        </C32-AS>
        <C32-LD>
        </C32-LD>
        <C32CPP>
        </C32CPP>
        <C32Global>
        </C32Global>
      </item>
      <item path="../src/system_config/pic32mx_usb_sk2_int_dyn/rtos_hooks.c"
            ex="true"
            overriding="false">
        <C32>
        </C32>
        <C32-AR>
        </C32-AR>
        <C32-AS>
        </C32-AS>
        <C32-LD>
        </C32-LD>
        <C32CPP>
        </C32CPP>
        <C32Global>
        </C32Global>
      </item>
      <item path="../src/system_config/pic32mx_usb_sk2_int_dyn/system_config.h"
            ex="true"
            overriding="false">
        <C32>
        </C32>
        <C32-AR>
        </C32-AR>
        <C32-AS>
        </C32-AS>
        <C32-LD>
        </C32-LD>
        <C32CPP>
        </C32CPP>
        <C32Global>
        </C32Global>
      </item>
      <item path="../src/system_config/pic32mx_usb_sk2_int_dyn/system_definitions.h"
            ex="true"
            overriding="false">
        <C32>
        </C32>
        <C32-AR>
        </C32-AR>
        <C32-AS>
        </C32-AS>
        <C32-LD>
        </C32-LD>
        <C32CPP>
        </C32CPP>
        <C32Global>
        </C32Global>
      </item>
      <item path="../src/system_config/pic32mx_usb_sk2_int_dyn/system_exceptions.c"
            ex="true"
            overriding="false">
        <C32>
        </C32>
        <C32-AR>
        </C32-AR>
        <C32-AS>
        </C32-AS>
        <C32-LD>
        </C32-LD>
        <C32CPP>
        </C32CPP>
        <C32Global>
        </C32Global>
      </item>
      <item path="../src/system_config/pic32mx_usb_sk2_int_dyn/system_init.c"
            ex="true"
            overriding="false">
        <C32>
        </C32>
        <C32-AR>
        </C32-AR>
        <C32-AS>
        </C32-AS>
        <C32-LD>
        </C32-LD>
        <C32CPP>
        </C32CPP>
        <C32Global>
        </C32Global>
      </item>
      <item path="../src/system_config/pic32mx_usb_sk2_int_dyn/system_interrupt.c"
            ex="true"
            overriding="false">
        <C32>
        </C32>
        <C32-AR>
        </C32-AR>
        <C32-AS>
        </C32-AS>
        <C32-LD>
        </C32-LD>
        <C32CPP>
        </C32CPP>
        <C32Global>
        </C32Global>
      </item>
      <item path="../src/system_config/pic32mx_usb_sk2_int_dyn/system_interrupt_a.S"
            ex="true"
            overriding="false">
        <C32>
        </C32>
        <C32-AR>
        </C32-AR>
        <C32-AS>
        </C32-AS>
        <C32-LD>
        </C32-LD>
        <C32CPP>
        </C32CPP>
        <C32Global>
        </C32Global>
      </item>
      <item path="../src/system_config/pic32mx_usb_sk2_int_dyn/system_tasks.c"
            ex="true"
            overriding="false">
        <C32>
        </C32>
        <C32-AR>
        </C32-AR>
        <C32-AS>
        </C32-AS>
        <C32-LD>
        </C32-LD>
        <C32CPP>
        </C32CPP>
        <C32Global>
        </C32Global>
      </item>
      <C32>
        <property key="additional-warnings" value="false"/>
        <property key="enable-app-io" value="false"/>
        <property key="enable-omit-frame-pointer" value="false"/>
        <property key="enable-symbols" value="true"/>
        <property key="enable-unroll-loops" value="false"/>
        <property key="exclude-floating-point" value="false"/>
        <property key="extra-include-directories"
                  value="../src;../../../../../../framework;/framework;../src/system_config/pic32mz_ec_sk_int_dyn/framework;../src/system_config/pic32mz_ec_sk_int_dyn;../../../../../../bsp/pic32mz_ec_sk;../../../../../../third_party/rtos/FreeRTOS/Source/portable/MPLAB/PIC32MZ;../../../../../../third_party/rtos/FreeRTOS/Source/include"/>
        <property key="generate-16-bit-code" value="false"/>
        <property key="generate-micro-compressed-code" value="false"/>
        <property key="isolate-each-function" value="true"/>
        <property key="make-warnings-into-errors" value="false"/>
        <property key="optimization-level" value="-O1"/>
        <property key="place-data-into-section" value="false"/>
        <property key="post-instruction-scheduling" value="default"/>
        <property key="pre-instruction-scheduling" value="default"/>
        <property key="preprocessor-macros" value=""/>
        <property key="strict-ansi" value="false"/>
        <property key="support-ansi" value="false"/>
        <property key="use-cci" value="false"/>
        <property key="use-iar" value="false"/>
        <property key="use-indirect-calls" value="false"/>
      </C32>
      <C32-AR>
        <property key="additional-options-chop-files" value="false"/>
      </C32-AR>
      <C32-AS>
        <property key="assembler-symbols" value=""/>
        <property key="enable-symbols" value="true"/>
        <property key="exclude-floating-point-library" value="false"/>
        <property key="expand-macros" value="false"/>
        <property key="extra-include-directories-for-assembler" value="../src;"/>
        <property key="extra-include-directories-for-preprocessor"
                  value="../src;../../../../../../third_party/rtos/FreeRTOS/Source/include;../src/system_config/pic32mz_ec_sk_int_dyn;../../../../../../third_party/rtos/FreeRTOS/Source/portable/MPLAB/PIC32MZ"/>
        <property key="false-conditionals" value="false"/>
        <property key="keep-locals" value="false"/>
        <property key="list-assembly" value="false"/>
        <property key="list-source" value="false"/>
        <property key="list-symbols" value="false"/>
        <property key="oXC32asm-list-to-file" value="false"/>
        <property key="omit-debug-dirs" value="false"/>
        <property key="omit-forms" value="false"/>
        <property key="preprocessor-macros" value=""/>
        <property key="warning-level" value=""/>
      </C32-AS>
      <C32-LD>
        <property key="additional-options-use-response-files" value="false"/>
        <property key="enable-check-sections" value="false"/>
        <property key="exclude-floating-point-library" value="false"/>
        <property key="exclude-standard-libraries" value="false"/>
        <property key="extra-lib-directories" value=""/>
        <property key="fill-flash-options-addr" value=""/>
        <property key="fill-flash-options-const" value=""/>
        <property key="fill-flash-options-how" value="0"/>
        <property key="fill-flash-options-inc-const" value="1"/>
        <property key="fill-flash-options-increment" value=""/>
        <property key="fill-flash-options-seq" value=""/>
        <property key="fill-flash-options-what" value="0"/>
        <property key="generate-16-bit-code" value="false"/>
        <property key="generate-cross-reference-file" value="false"/>
        <property key="generate-micro-compressed-code" value="false"/>
        <property key="heap-size" value="0"/>
        <property key="input-libraries" value=""/>
        <property key="linker-symbols" value=""/>
        <property key="map-file" value="${DISTDIR}/${PROJECTNAME}.${IMAGE_TYPE}.map"/>
        <property key="no-startup-files" value="false"/>
        <property key="oXC32ld-extra-opts" value=""/>
        <property key="optimization-level" value=""/>
        <property key="preprocessor-macros" value=""/>
        <property key="remove-unused-sections" value="true"/>
        <property key="report-memory-usage" value="false"/>
        <property key="stack-size" value=""/>
        <property key="symbol-stripping" value=""/>
        <property key="trace-symbols" value=""/>
        <property key="warn-section-align" value="false"/>
      </C32-LD>
      <C32CPP>
        <property key="additional-warnings" value="false"/>
        <property key="check-new" value="false"/>
        <property key="eh-specs" value="true"/>
        <property key="enable-app-io" value="false"/>
        <property key="enable-omit-frame-pointer" value="false"/>
        <property key="enable-symbols" value="true"/>
        <property key="enable-unroll-loops" value="false"/>
        <property key="exceptions" value="true"/>
        <property key="exclude-floating-point" value="false"/>
        <property key="extra-include-directories" value=""/>
        <property key="generate-16-bit-code" value="false"/>
        <property key="generate-micro-compressed-code" value="false"/>
        <property key="isolate-each-function" value="true"/>
        <property key="make-warnings-into-errors" value="false"/>
        <property key="optimization-level" value="-O1"/>
        <property key="place-data-into-section" value="false"/>
        <property key="post-instruction-scheduling" value="default"/>
        <property key="pre-instruction-scheduling" value="default"/>
        <property key="preprocessor-macros" value=""/>
        <property key="rtti" value="true"/>
        <property key="strict-ansi" value="false"/>
        <property key="use-cci" value="false"/>
        <property key="use-iar" value="false"/>
        <property key="use-indirect-calls" value="false"/>
      </C32CPP>
      <C32Global>
        <property key="common-include-directories" value=""/>
        <property key="gp-relative-option" value=""/>
        <property key="legacy-libc" value="false"/>
        <property key="relaxed-math" value="false"/>
        <property key="save-temps" value="false"/>
        <property key="wpo-lto" value="false"/>
      </C32Global>
      <PKOBSKDEPlatformTool>
        <property key="AutoSelectMemRanges" value="auto"/>
        <property key="SecureSegment.SegmentProgramming" value="FullChipProgramming"/>
        <property key="ToolFirmwareFilePath"
                  value="Press to browse for a specific firmware version"/>
        <property key="ToolFirmwareOption.UseLatestFirmware" value="true"/>
        <property key="memories.configurationmemory" value="true"/>
        <property key="memories.dataflash" value="true"/>
        <property key="memories.eeprom" value="true"/>
        <property key="memories.id" value="true"/>
        <property key="memories.programmemory" value="true"/>
        <property key="memories.programmemory.end" value="0x1d1fffff"/>
        <property key="memories.programmemory.start" value="0x1d000000"/>
        <property key="memories.userotp" value="true"/>
        <property key="poweroptions.powerenable" value="false"/>
        <property key="programoptions.donoteraseauxmem" value="false"/>
        <property key="programoptions.eraseb4program" value="true"/>
        <property key="programoptions.preservedataflash" value="false"/>
        <property key="programoptions.preserveeeprom" value="false"/>
        <property key="programoptions.preserveprogramrange" value="false"/>
        <property key="programoptions.preserveprogramrange.end" value="0x1d0007ff"/>
        <property key="programoptions.preserveprogramrange.start" value="0x1d000000"/>
        <property key="programoptions.usehighvoltageonmclr" value="false"/>
        <property key="programoptions.uselvpprogramming" value="false"/>
        <property key="voltagevalue" value="3.25"/>
      </PKOBSKDEPlatformTool>
    </conf>
  </confs>
</configurationDescriptor>
